Cue,Growth Factor,Inhibitor,Experiment,Cell Viability in Comparison to Media Alone (24 Hr),Cell Viability in Comparison to Media Alone (StErr),p-AKT(S473)[15m],p-S6RIBPROT(S240/244)[15m],p-EGFR(Y1086)[05m],p-EGFR(Y1086)[15m],p-CDK2(T160)[15m],p-AKT(S473)[05m],p-STAT1(Y701)[05m],p-CDK2(T160)[05m],p-PDK1(S241)[15m],p-PKCPAN/G(T514)[05m],p-RAF(C-)(S338)[15m],p-PKCPAN/G(T514)[15m],p-PLCG2(Y759)[05m],p-PLCG2(Y759)[15m],p-P38MAPK(T180/Y182)[00m],p-EGFR(Y1068)[15m],p-RAF(C-)(S338)[05m],p-EGFR(Y845)[05m],p-MEK(1/2)(S217/221)[00m],p-GAB2(S159)[15m],p-MET(Y1234/1235)[05m],p-STAT1(Y701)[15m],p-GAB2(S159)[05m],p-PDK1(S241)[05m],p-EGFR(Y1068)[05m],p-ERK(T202/Y204)[05m],p-PDFGRA(Y849)[15m],p-EGFR(Y1173)[05m],p-FGFR1(Y653/654)[05m],p-PDFGRA(Y849)[05m],p-FAK(Y576/577)[15m],p-PLCG1(Y783)[05m],p-EGFR(Y845)[15m],p-PLCG1(Y783)[15m],p-GSK3A(S21)[05m],p-FOXO1(S319)[00m],p-MET(Y1234/1235)[15m],p-IGF1RB (Y1135/1136) [05m],p-PYK2(Y402)[05m],p-ERK(T202/Y204)[00m],p-KIT(C-)(Y719)[05m],p-STAT6(Y641)[15m],p-STAT6(Y641)[05m],p-MEK(1/2)(S217/221)[15m],p-PKCD(T505)[15m],p-SRC(Y416)[05m],p-EGFR(Y1173)[15m],p-S6RIBPROT(S240/244)[05m],p-FGFR1(Y653/654)[15m],p-GAB1(Y627)[00m],p-P38MAPK(T180/Y182)[05m],p-FOXO3A(S253)[05m],p-SAPK/JNK(T183/Y185)[00m],p-RAF(C-)(S259)[15m],p-SHP2(Y542)[05m],p-IGF1RB (Y1135/1136) [15m],p-CDK2(T160)[00m],p-PDGFRB(Y1009)[05m],p-FOXO3A(S253)[15m],p-KIT(C-)(Y719)[00m],p-FAK(Y576/577)[05m],p-IGF1RB (Y1135/1136) [00m],p-KIT(C-)(Y719)[15m],p-RAF(C-)(S259)[05m],p-ERBB4(Y1284)[15m],p-4EBP1(S65)[05m],p-MET(Y1349)[00m],p-ERBB4(Y1284)[05m],p-SYK(Y525/526)[05m],p-STAT3(Y705)[15m],p-SHP2(Y542)[15m],p-PKCD(T505)[05m],p-ERBB2(Y1221/1222)[05m],p-PTEN(S380)[00m],p-PDGFRB(Y1009)[00m],p-SRC(Y416)[15m],p-ZAP70(Y319)/SYK(Y352)[15m],p-FOXO1(S319)[05m],p-STAT1(Y701)[00m],p-MET(Y1349)[15m],p-GSK3A(S21)[15m],p-4EBP1(T37/46)[00m],p-STAT5(Y694)[05m],p-P70S6K(T421/S424)[05m],p-SYK(Y525/526)[00m],p-P70S6K(T421/S424)[00m],p-CRKII(Y221)[05m],p-SRC(Y416)[00m],p-CRKL(Y207)[00m],p-STAT5(Y694)[00m],p-FGFR1(Y653/654)[00m],p-P90RSK(S380)[15m],p-STAT3(Y705)[00m],p-4EBP1(S65)[00m],p-ERBB4(Y1284)[00m],p-CREB(S133)[05m],p-IRS1(S1101)[00m],p-JAK1(Y1022/1023)[00m],p-P90RSK(S380)[05m],p-SYK(Y525/526)[15m],p-PLCG1(Y783)[00m],p-CDC2(Y15)[05m],p-P90RSK(S380)[00m],p-PI3KP85(Y458)P55(Y199)[00m],p-CRKII(Y221)[00m],p-CRKII(Y221)[15m],p-GAB2(S159)[00m],p-SHC(Y239/240)[05m],p-SRC(Y527)[00m],p-IRS1(S1101)[05m],p-S6RIBPROT(S240/244)[00m],p-PYK2(Y402)[15m],p-ABL(C-)(Y245)[00m],p-PDGFRA(Y754)[15m],p-EGFR(Y1173)[00m],p-EGFR(Y845)[00m],p-ZAP70(Y319)/SYK(Y352)[05m],p-PTEN(S380)[15m],p-CREB(S133)[00m],p-SHP2(Y542)[00m],p-FOXO1(S319)[15m],p-PDGFRA(Y754)[05m],p-MTOR(S2448)[00m],p-ERBB2(Y1221/1222)[15m],p-PLCG2(Y759)[00m],p-PDGFRB(Y1009)[15m],p-FAK(Y576/577)[00m],p-GSK3A(S21)[00m],p-STAT3(S727)[05m],p-4EBP1(T37/46)[15m],p-PDGFRA(Y754)[00m],p-P38MAPK(T180/Y182)[15m],p-PKCPAN/G(T514)[00m],p-ZAP70(Y319)/SYK(Y352)[00m],p-ERK(T202/Y204)[15m],p-MET(Y1234/1235)[00m],p-MEK(1/2)(S217/221)[05m],p-RAF(C-)(S338)[00m],p-SAPK/JNK(T183/Y185)[15m],p-STAT3(S727)[00m],p-P70S6K(T421/S424)[15m],p-PDK1(S241)[00m],p-STAT3(S727)[15m],p-PTEN(S380)[05m],p-EGFR(Y1068)[00m],p-EGFR(Y1086)[00m],p-IRS1(S1101)[15m],p-PKCD(T505)[00m],p-PYK2(Y402)[00m],p-STAT3(Y705)[05m],p-4EBP1(T37/46)[05m],p-GAB1(Y627)[15m],p-CDC2(Y15)[00m],p-SHC(Y239/240)[00m],p-FOXO3A(S253)[00m],p-ERBB2(Y1221/1222)[00m],p-GAB1(Y627)[05m],p-AKT(S473)[00m],p-SRC(Y527)[15m],p-ABL(C-)(Y245)[15m],p-CRKL(Y207)[05m],p-4EBP1(S65)[15m],p-RAF(C-)(S259)[00m],p-SHC(Y239/240)[15m],p-JAK1(Y1022/1023)[05m],p-PDFGRA(Y849)[00m],p-MET(Y1349)[05m],p-SRC(Y527)[05m],p-SAPK/JNK(T183/Y185)[05m],p-MTOR(S2448)[05m],p-ABL(C-)(Y245)[05m],p-STAT6(Y641)[00m],p-PI3KP85(Y458)P55(Y199)[15m],p-JAK1(Y1022/1023)[15m],p-CRKL(Y207)[15m],p-STAT5(Y694)[15m],p-CDC2(Y15)[15m],p-CREB(S133)[15m],p-PI3KP85(Y458)P55(Y199)[05m],p-MTOR(S2448)[15m]
Media  X1,Media,, X1,1,0.0489,0.4579,0.4337,0.2191,0.1584,0.4136,0.3619,0.0657,0.3944,0.4214,0.3325,0.3628,0.4956,-0.0169,0.0424,-0.5872,0.0176,0.1339,0.1465,-0.3602,0.4469,0.1791,0.1699,0.3049,0.1353,0.0665,-0.4015,0.0338,0.3099,0.1067,0.0269,0.0783,0.0682,0.0534,0.0984,0.1136,-0.2593,0.1185,0.3478,-0.0183,-0.1936,-0.106,0.4312,0.1241,-0.4817,0.5151,-0.0439,0.099,0.1668,0.0939,-0.0845,-0.3691,0.0075,-0.179,0.2266,0.0571,0.677,0.1293,0.1429,0.2452,-0.1504,-0.0362,0.5175,-0.0834,-0.0164,0.1126,0.2634,0.0074,0.008,0.0228,0.1215,0.2077,0.1619,0.0756,-0.0687,0.1285,0.0476,0.4315,-0.2291,-0.0584,0.2281,0.4051,0.1179,-0.0832,0.1188,-0.1204,-0.0649,0.028,-0.0861,0.0689,-0.095,-0.0839,0.198,0.143,0.2975,0.0018,0.2702,0.1691,0.1553,0.1727,0.2928,0.106,0.0326,-0.0228,-0.1077,-0.0425,0.2923,0.3221,0.015,0.0081,0.124,-0.0758,-0.0473,0,0.5212,0.2581,0.1627,0.069,0.0895,0.0675,-0.0348,-0.0648,0.1707,0.021,0.2152,0.0209,0.1425,0.096,0.1107,-0.0177,-0.1168,0.3151,-0.2541,0.0994,0.2021,-0.3771,0.2077,-0.488,0.1151,0.116,0.1639,-0.0058,0.1772,0.1419,0.0918,0.2384,0.2409,0.3687,0.1423,-0.0308,0.0755,0.0657,0.2392,0.1536,0.0775,0.1878,0.1581,0.0237,0.1817,-0.0447,0,0.1277,0.1899,0.1161,0.2582,0.0851,0.1657,-0.0796,0.0393,-0.1106,-0.1018,0,0.1952,0.0812,0.5512,0.0242,0.038,0.1771,-0.1221,0.0599,0.0466
EGF200  X1,EGF200,, X1,0.3509,0.0388,0.5622,0.5574,0.9131,1.0124,0.4818,0.4329,0.2481,0.4089,0.3808,0.377,0.3875,0.6022,0.6654,0.5476,-0.5872,0.6536,0.213,0.8081,-0.3602,0.2833,0.8648,0.2106,0.2036,0.1399,0.5839,0.2608,0.4941,0.8363,0.4372,0.4372,0.1929,0.7006,0.6918,0.6022,0.2379,-0.2593,0.732,0.5322,0.2677,-0.1936,0.2332,0.5269,0.4148,-0.091,0.444,0.0034,0.7772,0.3889,0.3959,-0.0845,-0.2504,0.0928,-0.179,0.0909,0.3114,0.6335,0.1293,0.4472,0.2355,-0.1504,0.2054,0.5175,0.1782,-0.0493,0.0986,0.214,0.0074,0.0333,0.3916,0.3651,0.3412,0.2995,0.2095,-0.0687,0.1285,-0.0425,0.7539,-0.0995,-0.0584,0.2475,0.3758,0.1179,0.2241,0.1687,-0.1204,-0.0649,0.2589,-0.0861,0.0689,-0.095,-0.0839,0.2355,0.143,0.2975,0.0018,0.3657,0.1691,0.1553,0.2302,0.3719,0.106,0.0852,-0.0228,-0.1077,-0.0425,0.4508,0.3221,0.1119,0.0081,0.2336,-0.0758,0.1722,0,0.5333,0.2581,0.1627,0.4596,0.1355,0.0675,-0.0348,-0.1017,0.3362,0.021,0.2682,0.0209,0.412,0.096,0.1107,0.1621,-0.2603,0.3151,0.1389,0.0994,0.2021,0.1118,0.2077,0.2856,0.1151,0.1697,0.1639,0.1188,0.1772,0.0194,0.1107,0.2384,0.2409,0.388,0.1423,-0.0308,0.2501,0.082,0.2259,0.1536,0.0775,0.1878,0.1581,0.2198,0.1817,-0.0402,0,0.22,-0.0601,0.1161,0.3264,0.3527,0.1657,0.0904,0.0624,0.0528,-0.1169,0,0.1952,0.1718,0.5988,0.0673,0.1895,0.1131,0.1826,0.1761,0.0296
EGF200+Insulin200 X1,EGF200+Insulin200,,X1,0.33,0.0463,0.7634,0.6791,1.1132,1.3184,0.5831,0.6386,0.2494,0.5542,0.3064,0.6423,0.4786,0.7379,0.6182,0.8794,-0.5872,0.8113,0.4796,0.7719,-0.3602,0.3909,0.865,0.3352,0.3382,0.3737,0.7637,0.3292,0.6869,0.8566,0.4716,0.6182,0.3123,0.7,0.9389,0.8493,0.4133,-0.2593,1.0184,0.6406,0.2915,-0.1936,0.2218,0.5589,0.5226,0.1299,0.4263,-0.0416,0.9646,0.4679,0.6143,-0.0845,0.0471,0.2216,-0.179,0.1486,0.3649,0.6837,0.1293,0.4747,0.2845,-0.1504,0.3266,0.5175,0.2951,0.1314,0.1522,0.0656,0.0074,0.2025,0.4665,0.5078,0.4588,0.4297,0.2413,-0.0687,0.1285,-0.0126,0.958,0.0087,-0.0584,0.421,0.3462,0.1179,0.2332,0.2284,-0.1204,-0.0649,0.4674,-0.0861,0.0689,-0.095,-0.0839,0.3952,0.143,0.2975,0.0018,0.1618,0.1691,0.1553,0.285,0.5524,0.106,0.1652,-0.0228,-0.1077,-0.0425,0.542,0.3221,0.2665,0.0081,0.3676,-0.0758,0.4162,0,0.5457,0.2581,0.1627,0.6346,0.2716,0.0675,-0.0348,0.0092,0.4145,0.021,0.3115,0.0209,0.6456,0.096,0.1107,0.1415,-0.0979,0.3151,0.2186,0.0994,0.2021,0.1839,0.2077,0.3624,0.1151,0.2469,0.1639,0.2402,0.1772,0.0073,0.1126,0.2384,0.2409,0.3925,0.1423,-0.0308,0.3813,-0.1306,0.4767,0.1536,0.0775,0.1878,0.1581,0.3413,0.1817,0.0906,0,0.1712,0.0433,0.1161,0.3006,0.5622,0.1657,0.2497,0.0067,0.1227,0.046,0,0.1952,0.3046,0.6115,0.223,0.3873,0.1358,0.3185,0.235,0.0596
HGF200  X1,HGF200,, X1,0.9196,0.0938,0.8478,0.5387,0.2182,-0.0246,0.6127,0.8766,0.0708,0.5381,0.3527,0.6505,0.7026,0.7134,-0.0213,0.0194,-0.5872,-0.4452,0.7457,-0.0579,-0.3602,0.4359,0.0744,0.1795,0.6749,0.62,-0.0194,0.5687,-0.1645,-0.0563,0.008,0.1256,-0.181,-0.0352,0.025,0.0641,0.7276,-0.2593,0.1278,0.6844,0.0153,-0.1936,-0.115,0.3996,0.6223,0.2067,0.3394,-0.0766,-0.1558,0.432,0.15,-0.0845,0.2993,0.4873,-0.179,0.1519,0.1816,0.5933,0.1293,0.1071,0.2121,-0.1504,0.1228,0.5175,-0.0507,0.39,-0.062,0.2993,0.0074,0.1131,0.1827,-0.0015,0.3545,0.5163,0.2887,-0.0687,0.1285,-0.0465,0.2425,0.028,-0.0584,0.3034,0.4466,0.1179,0.0327,0.3343,-0.1204,-0.0649,0.6057,-0.0861,0.0689,-0.095,-0.0839,0.4522,0.143,0.2975,0.0018,0.3361,0.1691,0.1553,0.501,0.3266,0.106,0.3248,-0.0228,-0.1077,-0.0425,0.341,0.3221,0.3281,0.0081,0.4374,-0.0758,0.0819,0,0.3815,0.2581,0.1627,0.4729,0.2219,0.0675,-0.0348,0.0008,0.5043,0.021,0.06,0.0209,0.2748,0.096,0.1107,0.2267,-0.0797,0.3151,-0.0327,0.0994,0.2021,0.2263,0.2077,0.4092,0.1151,0.1199,0.1639,0.293,0.1772,-0.0859,0.0979,0.2384,0.2409,0.2084,0.1423,-0.0308,0.144,-0.01,0.4687,0.1536,0.0775,0.1878,0.1581,0.1156,0.1817,0.0776,0,0.2029,0.0813,0.1161,0.164,0.5493,0.1657,0.5142,0.0827,0.0238,0.0933,0,0.1952,0.3018,0.4609,0.1706,0.1616,0.0269,0.2554,0.2457,-0.1428
HGF200+Insulin200 X1,HGF200+Insulin200,,X1,1.1047,0.0151,0.8241,0.5588,0.2269,0.0822,0.5386,0.8442,0.0398,0.5877,0.3356,0.6694,0.6696,0.4906,0.0043,-0.059,-0.5872,-0.228,0.7764,-0.0066,-0.3602,0.7268,0.0669,0.077,0.6409,0.5103,0.0385,0.6282,-0.1554,-0.0857,0.0871,0.2297,-0.151,0.018,-0.0349,0.0327,0.7201,-0.2593,0.1255,0.7397,-0.0281,-0.1936,-0.0578,0.4028,0.5855,0.2307,0.323,0.0889,0.0873,0.52,0.0486,-0.0845,0.3057,0.4612,-0.179,0.1894,0.1982,0.6194,0.1293,0.1486,0.2248,-0.1504,0.1934,0.5175,-0.1312,0.4669,-0.0979,0.4017,0.0074,0.1023,0.244,-0.0794,0.2233,0.6594,0.3282,-0.0687,0.1285,-0.0736,0.3634,0.0094,-0.0584,0.2614,0.5155,0.1179,0.0525,0.2856,-0.1204,-0.0649,0.652,-0.0861,0.0689,-0.095,-0.0839,0.4308,0.143,0.2975,0.0018,0.2356,0.1691,0.1553,0.4738,0.1513,0.106,0.3615,-0.0228,-0.1077,-0.0425,0.3384,0.3221,0.3422,0.0081,0.5089,-0.0758,0.0581,0,0.4566,0.2581,0.1627,0.5509,0.1946,0.0675,-0.0348,-0.0665,0.593,0.021,0.1013,0.0209,0.1835,0.096,0.1107,0.3124,0.1365,0.3151,0.0366,0.0994,0.2021,0.3191,0.2077,0.4284,0.1151,0.0736,0.1639,0.2845,0.1772,0.0045,0.0411,0.2384,0.2409,0.1547,0.1423,-0.0308,0.2436,-0.0052,0.2884,0.1536,0.0775,0.1878,0.1581,0.2323,0.1817,0.0909,0,0.1727,0.3228,0.1161,0.1108,0.5925,0.1657,0.5467,0.0442,0.0492,0.1791,0,0.1952,0.2046,0.3116,0.2588,0.0654,0.1435,0.4323,0.273,-0.0754
Insulin200  X1,Insulin200,, X1,0.7016,0.0179,0.6406,0.5353,0.1853,0.0416,0.5157,0.7643,-0.0175,0.5067,0.3917,0.544,0.7003,0.5664,-0.064,-0.1117,-0.5872,-0.237,0.6379,-0.0822,-0.3602,0.651,-0.0949,0.0515,0.6655,0.5824,0.0289,0.2576,-0.1005,-0.118,-0.0124,0.1276,-0.1183,-0.0112,-0.0598,-0.0204,0.723,-0.2593,0.0208,0.784,0.0003,-0.1936,-0.1258,0.4397,0.5516,-0.5215,0.4059,-0.0361,0.0059,0.3864,0.0954,-0.0845,0.3465,0.4706,-0.179,0.2652,0.0976,0.6421,0.1293,0.1185,0.2283,-0.1504,0.1034,0.5175,-0.2253,0.4728,-0.0247,0.3526,0.0074,0.1488,0.2879,0.0602,0.2061,0.594,0.3241,-0.0687,0.1285,-0.0014,0.4038,-0.0016,-0.0584,0.1302,0.3848,0.1179,-0.0489,0.1871,-0.1204,-0.0649,0.6241,-0.0861,0.0689,-0.095,-0.0839,0.2304,0.143,0.2975,0.0018,0.3819,0.1691,0.1553,0.4143,0.1299,0.106,0.3278,-0.0228,-0.1077,-0.0425,0.2673,0.3221,0.2743,0.0081,0.4442,-0.0758,-0.0154,0,0.4328,0.2581,0.1627,0.5828,0.3015,0.0675,-0.0348,-0.1378,0.5767,0.021,0.0684,0.0209,0.2,0.096,0.1107,0.305,0.0081,0.3151,-0.2261,0.0994,0.2021,-0.551,0.2077,0.0358,0.1151,-0.0269,0.1639,0.0949,0.1772,0.108,-0.0132,0.2384,0.2409,0.2242,0.1423,-0.0308,0.2105,0.0113,0.2225,0.1536,0.0775,0.1878,0.1581,0.1251,0.1817,0.0631,0,0.1758,0.2331,0.1161,0.1488,0.5643,0.1657,0.2629,0.0462,0.0782,0.153,0,0.1952,0.2196,0.3765,0.1084,0.087,0.0366,0.1343,0.1768,-0.1452
IGF200  X1,IGF200,, X1,0.7885,0.0741,0.9168,0.5827,0.086,0.1936,0.6643,0.8238,0.0894,0.5886,0.4853,0.6746,0.4334,0.6461,-0.0483,-0.0071,-0.5872,-0.1631,0.6235,-0.0496,-0.3602,0.7242,-0.0447,0.1643,0.6048,0.537,-0.2133,0.101,0.0746,-0.1341,0.4284,0.0263,0.0406,-0.0128,-0.0057,0.0302,0.5727,-0.2593,0.0808,1.2666,0.0124,-0.1936,-0.1719,0.5871,0.4948,-0.3237,0.5913,0.0208,-0.0141,0.4917,0.3973,-0.0845,0.1634,0.3914,-0.179,0.4127,0.1864,1.2687,0.1293,0.1573,0.3927,-0.1504,0.0749,0.5175,-0.1654,0.3895,0.1211,0.1962,0.0074,0.0555,0.2846,0.1781,0.2556,0.4958,0.2261,-0.0687,0.1285,0.0626,0.595,0.033,-0.0584,0.2974,0.5642,0.1179,0.0766,0.1864,-0.1204,-0.0649,0.4611,-0.0861,0.0689,-0.095,-0.0839,0.425,0.143,0.2975,0.0018,0.2774,0.1691,0.1553,0.3888,0.0786,0.106,0.199,-0.0228,-0.1077,-0.0425,0.4829,0.3221,0.2532,0.0081,0.3845,-0.0758,0.0584,0,0.5492,0.2581,0.1627,0.4661,0.2062,0.0675,-0.0348,0.0284,0.5301,0.021,0.1621,0.0209,0.2754,0.096,0.1107,0.2336,0.0494,0.3151,0.0094,0.0994,0.2021,-0.2338,0.2077,0.0019,0.1151,-0.0009,0.1639,0.1503,0.1772,0.2875,0.1392,0.2384,0.2409,0.3806,0.1423,-0.0308,0.1226,-0.0511,0.2511,0.1536,0.0775,0.1878,0.1581,0.1574,0.1817,0.0737,0,0.143,0.2939,0.1161,0.2086,0.5679,0.1657,0.2165,0.0489,0.1155,0.0525,0,0.1952,0.2638,0.3787,0.185,0.1022,0.1745,0.0962,0.2168,0.0729
Media  X2,Media,, X2,1,0.0368,0.3453,0.4025,0.0407,0.0661,0.1218,0.3875,0.0261,0.0872,0.1347,0.0994,0.0686,0.0969,0.0488,-0.0405,-0.0672,0.1545,-0.02,-0.1423,-0.0672,0.2864,-0.0214,-0.0001,0.1982,0.1174,-0.0076,0.523,0,0.1588,-0.0107,0,0.0086,0.1365,0.0054,0.0284,0.1562,0.0311,0.0513,0.1194,0.2563,0.0748,0.1,0.0208,0.0066,-0.0892,0,-0.0692,0.1272,0.1218,0.0242,-0.0089,0.2389,0.0177,0.0189,0.189,0.0108,0.0012,-0.009,0.017,0.2491,0.0383,-0.0319,0.0385,0.0285,-0.1014,-0.0305,0.2682,-0.2125,-0.1632,0.1893,0.1534,0.0405,0,-0.1568,0.0284,-0.0045,0.0979,-0.0866,0.0594,0.0124,0.6484,0.0671,0.0038,0.0402,0.1066,0.0134,0.0335,0,-0.0138,-0.0555,0.0122,0.007,0.0134,-0.0001,-0.028,-0.0004,0.1721,-0.1389,-0.0626,0.0903,0.0832,0.0041,0.0088,0.0151,0.0175,0,0,0.0197,0.1198,-0.0394,-0.0479,-0.1301,0.1696,0,0.0408,0.0493,0.0145,-0.2561,0.0626,0.0966,-0.0384,-0.0562,0.0194,-0.0873,-0.1672,0.0016,-0.0168,-0.1107,-0.0302,0.0523,0.3238,0.012,0.0481,0.0266,-0.0548,0.131,0.005,0.3389,0.0396,-0.0727,0.0009,0.0285,0.0312,-0.0322,0.0597,0.0918,0.004,0.0112,0,0.0693,0.0833,0.3505,0.1705,-0.0175,0.0211,-0.0123,-0.1454,0.0856,-0.0667,0.0873,0,0.1527,0.1312,-0.176,0.124,-0.0255,0,0.2954,0.0654,0.0952,-0.0179,0,-0.0153,0.0136,0.0833,-0.0154,-0.0225,-0.1495,0.0079,0.0672,0.1134
EGF200  X2,EGF200,, X2,0.3288,0.0818,0.6146,0.4128,1.5909,1.7447,0.1722,0.393,0.9187,0.0829,0.1479,0.1282,0.0637,0.2038,0.7766,0.7757,-0.0672,1.52,-0.0346,0.9133,-0.0672,0.4327,0.9049,0.7816,0.2264,0.0977,1.43,0.8281,0,0.9221,0.6289,0,0.145,0.653,0.8935,0.6376,0.2561,0.0311,0.95,0.256,0.6293,0.0748,0.4073,0.8281,0.6961,0.2128,0,0.871,0.9152,0.0438,0.7062,-0.0089,0.3932,0.0897,0.0189,0.3492,0.6702,0.4235,-0.009,0.3973,0.4323,0.0383,0.0309,0.0385,0.4203,-0.0478,0.1652,0.2552,-0.2125,-0.1102,0.782,0.4401,0.7079,0,0.0861,0.0284,-0.0045,0.9513,0.5401,0.0691,0.0124,1.021,0.3014,0.0038,0.2389,0.1572,0.0134,0.0335,0,-0.0138,-0.0555,0.0122,0.007,0.1333,-0.0001,-0.028,-0.0004,0.2339,-0.1389,-0.0626,0.1549,0.6595,0.0041,0.1114,0.0151,0.0175,0,0,0.0197,0.3606,-0.0394,0.0503,-0.1301,0.5683,0,0.745,0.0493,0.0145,0.1894,0.1619,0.0966,-0.0384,0.0241,0.4517,-0.0873,0.1675,0.0016,0.4965,-0.1107,-0.0302,0.0516,0.4174,0.012,0.3213,0.0266,-0.0548,0.5883,0.005,0.5928,0.0396,0.0548,0.0009,0.1262,0.0312,0.1359,0.1109,0.0918,0.004,0.1265,0,0.0693,0.2008,0.3392,0.5246,-0.0175,0.0211,-0.0123,-0.1454,0.5007,-0.0667,0.1982,0,0.2577,0.1366,-0.176,0.572,0.1554,0,0.55,0.1142,0.1448,0.0732,0,-0.0153,0.1923,0.332,0.1367,0.3098,0.3209,0.1282,0.2879,0.3949
EGF200 PP2 X2,EGF200,PP2,PP2 X2,0.9727,0.1053,0.2151,-0.1269,0.8671,0.9976,0.1107,0.0253,0.2098,0.1275,0.1091,0.1016,0.0411,0.0435,0.3321,0.2447,-0.5232,1.1104,-0.0323,0.4572,-0.2093,0.1925,0.6086,0.102,0.1676,0.1745,0.8464,0.4708,0,0.7509,0.2795,0,-0.0333,0.4404,0.3785,0.3311,0.0542,0.0112,0.5382,0.18,0.3386,-0.1925,0.2125,0.2563,0.2582,0.1251,0,0.5343,0.7755,-0.2989,0.2616,-0.0902,0.0473,0.1045,-0.0216,0.2118,0.2878,0.1109,-0.0225,0.0857,0.2249,0.0282,0.0387,0.1274,0.1448,-0.014,-0.0979,0.0715,-0.1919,-0.1884,0.469,0.1774,0.2302,0,-0.1098,0.0011,-0.1058,0.4976,0.1174,0.0617,-0.0471,0.8773,0.0289,-0.259,0.0664,0.1243,0.0074,0.0059,0,-0.0939,-0.2723,-0.02,-0.0467,-0.004,-0.0104,-0.2397,-0.0432,0.0908,-0.182,-0.1031,0.0546,0.3077,-0.0305,0.0828,-0.0457,-0.0396,0,0,0.08,0.1749,-0.1675,0.0738,-0.4659,0.2425,0,0.0488,0.0854,-0.286,-0.2047,0.1284,-0.046,-0.0612,-0.0231,0.1596,-0.0904,-0.2073,-0.0358,0.0476,-0.0375,-0.0982,0.0951,-0.07,0.0465,-0.0525,0.0175,0.1267,0.3971,-0.0094,0.2865,0.0013,-0.0593,0.0309,0.0362,0.0497,0.0057,0.0581,0.1573,-0.0675,0.0288,0,0.105,0.126,-0.0855,0.3658,-0.0483,-0.0752,-0.0363,-0.1819,0.3495,-0.3633,0.0468,0,0.0844,-0.0565,-0.1008,0.3028,0.0601,0,0.1905,0.0213,0.0617,0.0906,0,-0.0514,-0.0631,0.0064,-0.0151,0.003,-0.0098,0,0.1268,0.1783
EGF200 U73122 X2,EGF200,U73122,U73122 X2,0.1514,0.0044,0.2812,0.0935,1.0671,1.1831,0.0612,-0.0103,0.6735,0.0555,0.1995,0.1105,0.0206,0.0463,0.4801,0.4329,-0.0305,1.1448,-0.0067,0.6477,0.0181,0.2781,0.7041,0.542,0.2186,0.1288,1.1384,0.4567,0,0.8124,0.4181,0,0.026,0.4775,0.5845,0.4295,-0.0136,0.0695,0.6716,0.2035,0.4885,0.1147,0.2427,0.4811,0.4398,0.0885,0,0.5815,0.8328,-0.1591,0.4206,0.0885,0.1706,0.1846,0.0759,0.2121,0.4031,0.2149,0.0522,0.2135,0.282,0.0939,0.0743,0.1864,0.1854,0.0163,-0.0144,0.0255,-0.2764,-0.0303,0.5983,0.2114,0.3822,0,-0.0877,0.0478,-0.0038,0.5488,0.3023,0.0699,0.0369,1.0136,0.131,-0.0977,0.1797,0.1552,0.08,0.0804,0,0.0139,0.0481,0.0381,0.0798,0.0687,-0.0088,-0.0899,-0.151,0.1501,-0.192,-0.0672,0.1035,0.4096,0.0664,0.1087,0.0536,0.0921,0,0,0.0897,0.3351,0.0124,0.1325,-0.3627,0.3928,0,0.3305,0.1381,0.0675,0.1217,0.1139,0.0416,0.0143,0.0087,0.4337,-0.0977,-0.0327,0.0421,0.2103,-0.0812,0.0217,0.0848,0.1494,-0.0058,0.4452,0.084,-0.0708,0.3756,0.054,0.1152,-0.0171,0.1248,0.0292,0.0851,0.0605,0.0507,0.0457,0.1343,-0.0792,0.1067,0,0.2423,0.2276,0.1367,0.3693,0.0103,0.0518,-0.0409,-0.1643,0.3963,0.0653,0.0626,0,0.1707,0.1278,-0.199,0.4192,0.2451,0,0.3791,0.0994,0.1339,0.186,0,-0.0141,0.0715,0.1154,0.1157,0.1271,0.1144,0.1456,0.2623,0.2363
EGF200 Wortmannin X2,EGF200,Wortmannin,Wortmannin X2,0.2811,0.0132,-0.4069,-0.1516,1.4352,1.3026,0.0966,-0.5598,0.8616,0.0291,0.1548,0.0376,0.0259,0.0725,0.6325,0.4707,0.158,1.2584,0.0328,0.6991,-0.1178,0.1989,0.8004,0.5775,0.1485,0.1698,1.3216,0.777,0,0.8013,0.5666,0,0.0438,0.5601,0.6011,0.4138,0.0167,0.0386,0.7052,0.1854,0.4748,-0.1397,0.3286,0.5027,0.6498,0.0391,0,0.6944,0.791,-0.4555,0.43,-0.0161,0.2884,0.1246,0.076,0.246,0.546,0.2171,0.1284,0.2478,0.1693,0.0714,0.0399,0.1411,0.1839,0.0255,-0.0486,-0.1266,-0.2068,-0.0707,0.6142,0.2652,0.3837,0,0.0189,0.0356,0.0109,0.5503,0.33,-0.0173,0.0251,1.1337,-0.1374,-0.3115,0.1672,0.065,0.1358,0.0607,0,0.0208,-0.0252,0.0261,-0.0271,0.0867,0.0912,-0.3185,-0.172,0.148,-0.1365,-0.0575,0.0367,0.3519,0.088,0.0611,-0.0075,0.0303,0,0,0.1554,0.3724,0.0414,0.0094,-0.4531,0.3677,0,0.3715,0.1738,0.064,0.1299,0.0911,0.0123,-0.0109,0.0169,0.4469,-0.047,-0.0604,0.0349,0.1936,-0.0444,-0.0751,-0.093,-0.2459,0.0493,0.5781,0.0508,-0.2708,0.2495,0.0455,0.4748,-0.0089,0.1435,0.1006,0.0627,0.0821,0.0386,0.0016,0.1473,0.0108,0.1213,0,0.2586,0.2574,-0.128,0.3301,0.0346,0.0528,-0.0454,-0.1461,0.3303,-0.5344,0.0331,0,0.1642,-0.2248,-0.1409,0.3753,0.2247,0,-0.1253,0.0619,0.1018,0.1114,0,-0.0086,0.0667,0.0983,0.0545,0.1386,0.2139,0.0502,0.1914,0.2933
Media  X3,Media,, X3,1,0.0368,1.2559,1.2304,0.1505,0.2873,0.8656,1.1158,0.2079,0.7797,0.3103,1.0291,0.727,1.2622,0.1168,0.2886,0.4634,0.3664,0.75,0.117,-0.1893,0.2183,0.2026,0.2151,0.2424,0.6532,0.2667,0.5031,0.5012,-0.1492,0.0295,0.4745,0.4564,0.4383,0.0459,0.3541,0.585,-0.0042,0.3939,0.1304,0.2542,-0.154,0,0.5487,0.6963,-0.1016,0.3728,0.1944,0.3438,1.0428,0.1823,0.1361,0.5944,0.4097,0.0645,0.4945,0.6449,0.1286,0.6961,0.1987,0.3641,0,0.2614,0.1099,0,0.5084,0.3997,0.1006,0.0943,0.2263,0.3514,0.1601,0.5523,0.3084,0.3209,0.0099,-0.1359,0.215,0.365,0.2324,0.0451,0.1428,0.2801,-0.0122,0,0.4324,-0.0131,0.123,0.8763,0.044,0.151,0,-0.0028,0.4265,-0.192,0.1022,0.0559,0.4098,-0.0538,-0.0304,0.4392,0.516,0.299,0.4337,0.2423,0.2162,0.357,0.8696,0.0143,0.3154,0.0724,0.1061,0.8571,0.4178,0.0134,0.5069,0.1437,-0.0579,0.3557,0.0022,0.0559,0.2545,0.3434,0.364,0.062,0.953,0.0325,0.3049,0.0264,0.2317,0.2534,0.1409,0.077,0.4355,0.8617,0.1025,0.1881,0.1087,0.1983,0.4224,0.2637,0.1003,0.6014,0.3223,0.1724,0.0813,0.0759,0.0913,0.2624,-0.0077,0.0647,0.4664,0.0974,0.1872,0.1617,0.1298,0.2421,0.1188,0.2904,0.9508,0.1302,0.3039,0.2678,0.3029,0.264,0.2674,0.3413,0.0729,0.1672,0.1975,0.2768,0.2727,0.134,0.0428,0.4274,0.3777,0.1926,0,0.3599,0.1768,0.309,0.3029
EGF200  X3,EGF200,, X3,0.3288,0.0818,1.195,1.1309,1.7019,1.4973,0.7268,1.0096,0.9757,0.7738,-0.1988,1.0983,0.7936,0.9479,0.9363,1.1895,0.4634,0.9331,0.8845,0.9879,-0.1893,0.3006,1.1209,1.0865,0.1894,0.6,0.9837,0.7038,1.2748,0.9236,0.8366,1.3627,1.0571,0.9364,1.0197,1.0965,0.5216,-0.0042,1.1428,0.719,0.9902,-0.154,0,1.1388,1.3781,0.2874,0.4694,1.0563,1.1237,1.0398,0.8718,0.1361,0.6195,0.442,0.0645,0.4765,1.0106,0.3512,0.6961,0.7472,0.4288,0,0.9186,0.1099,0,0.4723,0.6479,0.2035,0.0943,0.4638,0.9887,0.6421,1.0038,0.7057,1.011,0.0099,-0.1359,1.0667,0.9557,0.2235,0.0451,0.5095,0.2025,-0.0122,0,0.4243,-0.0131,0.123,1.0737,0.044,0.151,0,-0.0028,0.4601,-0.192,0.1022,0.0559,0.4362,-0.0538,-0.0304,0.461,1.1223,0.299,0.4469,0.2423,0.2162,0.357,0.8155,0.0143,0.276,0.0724,0.0947,0.8571,0.9608,0.0134,0.5341,0.1437,-0.0579,0.7854,0.0245,0.0559,0.2545,0.3039,0.4578,0.062,1.1733,0.0325,0.9424,0.0264,0.2317,0.2204,0.1411,0.077,0.6275,0.8617,0.1025,0.392,0.1087,0.5796,0.4224,0.2274,0.1003,0.3577,0.3223,0.19,0.081,0.0759,0.0913,0.2431,-0.0077,0.0647,0.6769,0.0416,0.4755,0.1617,0.1298,0.2421,0.1188,0.6457,0.9508,0.1113,0.2724,0.3176,0.299,0.264,0.32,0.639,0.0729,0.5131,0.208,0.2823,0.2369,0.1708,0.0428,0.6377,0.8807,0.3858,0,0.3593,0.5558,0.6905,0.3185
EGF200 Aprotinin X3,EGF200,Aprotinin,Aprotinin X3,0.3024,0.0988,1.1332,1.0178,1.8037,1.608,0.6746,1.0299,1.0587,0.7862,-0.7853,1.0939,0.7987,0.9471,1.0766,1.1306,0.5899,1.0264,0.8538,1.0825,-0.2153,0.2307,1.2811,1.1383,0.1897,0.5996,1.0026,0.677,1.3246,0.869,0.8858,1.4293,1.1122,0.9646,0.9617,0.8737,0.5767,0.0714,1.0794,0.7607,1.0697,-0.1351,0,1.3029,1.4241,0.1479,0.5134,1.1286,0.9927,1.0848,0.8674,0.2335,0.6609,0.5057,0.1119,0.5252,1.0518,0.5541,0.774,0.8392,0.563,0,0.9476,0.2423,0,0.4742,0.7696,0.2705,0.1274,0.5904,1.1517,0.813,0.9573,0.8005,1.3533,0.0039,-0.094,1.042,1.1481,0.3208,0.1404,0.5918,0.4233,-0.0812,0,0.4748,-0.2482,0.3176,1.0811,0.1137,0.1522,0,0.0565,0.3881,-0.0639,0.0656,0.1276,0.4205,0.0084,0.1656,0.4674,1.0155,0.2885,0.4067,0.1975,0.2893,0.5132,0.8451,0.0147,0.3076,0.046,0.185,1.2013,0.9128,0.033,0.574,-0.1138,-0.0301,0.85,-0.0413,0.0795,0.408,0.2464,0.5486,0.1253,1.1745,0.0666,0.7837,0.0482,0.2773,0.2452,0.0741,0.1852,0.7178,1.0663,0.1793,0.3431,0.0681,0.5579,0.5504,0.1495,0.1796,0.3185,0.4601,0.3169,0.0399,0.1574,0.1208,0.3278,0.04,0.1631,0.7759,0.0416,0.3892,0.1435,0.1361,0.292,0.2295,0.735,0.9133,0.1248,0.3303,0.2974,0.3749,0.3495,0.3757,0.8767,0.1939,0.5414,0.2219,0.2759,0.3341,0.1692,0.2373,0.5779,1.0132,0.2942,0,0.4597,0.5478,0.73,0.4373
EGF200 GM6001 X3,EGF200,GM6001,GM6001 X3,0.1225,0.0825,1.1484,0.9954,1.7065,1.5721,0.7632,1.0662,1.0233,0.7127,-0.4337,1.0126,0.78,1.1399,1.1294,1.0834,0.4946,1.0216,0.7851,1.046,-0.2347,0.1762,1.3222,1.2473,0.203,0.5014,0.9156,0.6644,1.2472,0.882,0.9124,1.4196,1.0428,0.8884,0.9656,0.9148,0.455,0.1507,1.1942,0.547,1.0267,-0.0642,0,1.4784,1.3662,0.2216,0.5535,1.127,0.9193,0.9582,0.967,0.2359,0.7118,0.3453,0.1502,0.4846,1.1127,0.6253,0.6121,0.7815,0.4978,0,0.9467,0.2761,0,0.394,0.676,0.2397,0.0865,0.606,1.2608,0.8119,1.0768,0.6699,1.2797,0.0626,-0.0342,1.0171,1.1641,0.3555,0.1008,0.597,0.3904,-0.001,0,0.3673,0.0811,0.2715,1.0806,0.1117,0.1469,0,-0.0738,0.4227,-0.0128,0.056,0.1898,0.4514,0.0353,0.0507,0.4117,1.2823,0.3236,0.3898,0.1675,0.2224,0.5263,0.9266,0.0635,0.2517,0.0937,0.1198,0.7887,0.9621,0.0211,0.4476,-0.0399,0.0548,0.8221,-0.0414,0.1917,0.2581,0.2429,0.5582,0.0963,1.1636,0.1258,0.8868,0.063,0.3107,0.1883,0.0695,0.2456,0.7617,0.8507,0.1857,0.3093,0.1478,0.5902,0.4201,0.1663,0.1324,0.5156,0.4918,0.1976,0.049,0.1678,0.1169,0.2059,0.0504,0.1918,0.7132,0.0448,0.4392,0.1922,0.2021,0.212,0.335,0.6555,0.8148,0.1276,0.2396,0.2848,0.3099,0.2723,0.272,0.7358,0.2084,0.493,0.1627,0.2348,0.2139,0.0481,0.2294,0.7093,0.9438,0.3181,0,0.4532,0.5659,0.7143,0.3666
EGF200 TAPI-1 X3,EGF200,TAPI-1,TAPI-1 X3,0.0248,0.0248,1.0847,0.9495,1.5435,1.6043,0.6728,0.8887,1.039,0.5691,-0.0529,0.785,0.735,1.0151,1.2088,1.0801,0.5387,1.0262,0.6064,0.9986,-0.0428,0.0934,1.1776,1.1655,0.1165,0.3287,0.8564,0.4874,0.9862,0.9844,0.9046,1.2797,0.9393,1.075,0.8785,0.8502,0.2592,0.2237,1.0146,0.4154,0.9225,-0.04,0,1.4157,1.2054,0.4295,0.5609,1.0725,0.9551,0.8293,0.9691,0.1948,0.4123,0.3581,0.1889,0.3997,0.8974,0.8026,0.665,0.9568,0.514,0,0.8713,0.281,0,0.2582,0.5991,0.2501,0.1342,0.5793,1.1288,0.7675,0.9308,0.5906,1.1825,0.139,0.5147,0.9913,1.0119,0.3529,0.1965,0.5371,0.385,0.0563,0,0.2245,0.3914,0.2249,0.9335,0.2243,0.2178,0,0.0571,0.4047,0.1055,0.0744,0.2647,0.3677,0.0824,0.3737,0.2861,1.0962,0.5728,0.3721,0.1534,0.2047,0.6609,0.9189,0.0914,0.1783,0.1094,0.0997,0.6526,0.8139,0.1068,0.4392,0.1936,0.349,0.6829,-0.0881,0.2685,0.4139,0.2477,0.5298,0.1621,1.1282,0.3034,0.748,0.2753,0.3587,0.1793,0.0891,0.3282,0.65,0.6735,0.2516,0.2899,0.2676,0.3705,0.4062,0.1585,0.1684,0.4996,0.5469,0.1727,0.0789,0.2782,0.3104,0.222,0.1928,0.2219,0.6512,0.1147,0.5115,0.3784,0.2424,0.3122,0.4721,0.6069,0.7717,0.1034,0.2802,0.3051,0.3624,0.2805,0.3106,0.8053,0.3488,0.395,0.1321,0.1763,0.2018,0.2411,0.5298,0.5861,0.8393,0.3876,0,0.3819,0.5254,0.5783,0.4354
Media  X4,Media,, X4,1,0.0957,1.1229,1.0372,0.3478,0.4644,0.7041,0.7705,0.2403,0.6727,0.3286,0.7839,0.1718,1.0664,0.267,0.3343,0.7051,-0.2835,0.3165,0.1002,0.109,-0.2171,0.0327,0.3037,-0.0501,0.2598,-0.1072,0.6216,0.2815,0.1818,0.1102,0.6037,-0.3131,-0.0128,0.1396,0.0037,-0.1295,0.1502,0.2102,0.3029,0.1181,0.3056,0.1359,0.1371,0.5305,0.308,0.5496,0.4413,0.3848,0.8252,0.0134,0.1007,0.8193,0.4661,0.1818,-0.1417,0.4627,0.3575,0.6825,0.1961,0.3949,0.0449,0.2116,0.4426,0.2894,0.0012,-0.1101,0,0.0348,0.108,0.3019,0,1.2036,0.5177,0.1267,-0.0198,-0.062,0.5276,-0.0803,-0.0528,-0.0275,-0.0462,-0.1374,-0.1139,0.1513,0.1547,0.2981,0.034,0.19,0.1728,0.1561,0.2383,0.0212,0.6198,0,0,0.1001,0.091,0.0427,0.154,0.3304,0.3899,-0.0447,0.5426,0.3006,0.1042,0.0781,0.2045,-0.0524,0.4822,0.2692,0.08,-0.0928,0.6072,0.0007,0.0268,0.1371,0.0704,0.0919,0.2452,-0.0105,0.2393,0.367,0.1559,0.2496,0.0745,0.0833,0.3727,0.0583,0.083,0.0643,0.3987,0.1131,0.6306,0.6788,0.2005,0.2624,0.035,0.2947,0.2658,0.7173,0.1129,0.1084,0.3882,-0.0539,0.1963,0.1577,0.2194,-0.037,0.2445,0.1437,0,0.1441,0.4449,0.4087,0.4874,0.4845,0.0356,0.1172,0.7613,0.4824,-0.3478,0.263,0,0.009,0.3084,0.121,0.4127,0.0517,0.4067,0.5717,0.3335,-0.1117,0.4644,0.5558,0.083,0.3508,0.4281,0.1651,0.2667,0.4808,0.1901
EGF200  X4,EGF200,, X4,0.3752,0.2072,1.0049,0.8529,1.3945,1.1269,0.4644,0.8267,1.0021,0.7497,0.1463,0.7852,0.0736,0.97,0.7795,0.8807,0.7051,0.3821,0.3839,0.5614,0.109,-0.321,0.5873,1.013,-0.0444,0.4468,0.7091,0.8515,0.868,0.7798,0.3003,1.3136,0.2571,0.2983,0.4187,0.6004,0.1112,0.1502,0.6126,0.4449,0.7625,0.3056,0.387,0.9514,1.258,0.5227,0.4794,0.4687,0.6075,0.7974,0.3031,0.1007,1.0244,0.6129,0.1818,-0.2664,1.1405,0.3588,0.6825,1.0551,0.3628,0.0449,0.6573,0.4426,0.4284,0.0227,0.0074,0,0.0348,0.4123,0.4606,0,1.3593,0.6757,0.4106,-0.0198,-0.062,0.4936,0.4603,-0.0257,-0.0275,-0.0268,-0.0702,-0.1139,0.3313,0.0803,0.2981,0.034,0.4249,0.1728,0.1561,0.2383,0.0212,0.567,0,0,0.1001,0.1496,0.0427,0.154,0.2092,0.6174,-0.0447,0.6309,0.3006,0.1042,0.0781,0.1462,-0.0524,0.8173,0.2692,0.1854,-0.0928,0.8165,0.0007,0.3472,0.1371,0.0704,0.5889,0.4187,-0.0105,0.2393,0.2945,0.6763,0.2496,0.1707,0.0833,1.0521,0.0583,0.083,0.6174,0.2966,0.1131,0.7604,0.6788,0.2005,0.5174,0.035,0.5841,0.2658,0.8452,0.1129,0.1795,0.3882,0.2965,0.4805,0.1577,0.2194,-0.0283,0.2445,0.1437,0,-0.0159,0.5078,0.4087,0.4874,0.4845,0.0356,0.3855,0.7613,0.4526,-0.3236,0.3512,0,0.009,0.5094,0.4819,0.4127,0.1853,0.5395,0.6035,0.5366,0.0105,0.4644,0.4839,0.2668,0.3655,0.4421,0.2998,0.4913,0.5129,0.2061
EGF200 CAPE X4,EGF200,CAPE,CAPE X4,0.036,0.032,0.8347,0.6673,1.2213,1.1539,0.4139,0.7507,1.0316,0.7499,0.2566,0.7293,-0.0514,0.7956,0.8256,0.8036,0.5646,0.4797,0.1767,0.5277,0.0732,-0.2652,0.6793,1.0126,-0.2208,0.2974,0.4843,0.7755,0.9176,0.7504,0.4069,1.1161,0.3231,0.3747,0.3784,0.5427,0.165,0.0068,0.6321,0.4372,0.7834,0.1929,0.4658,1.0026,1.0565,0.3981,0.6822,0.5208,0.559,0.7455,0.3599,0.1933,0.9428,0.6022,0.2316,-0.1466,1.2445,0.4994,0.4274,1.0506,0.5029,0.2106,0.4892,0.4527,0.359,-0.0265,0.0989,0,-0.0018,0.2887,0.3917,0,1.2845,0.6957,0.3476,-0.1927,0.0157,0.4675,0.4321,0.003,-0.0609,0.0388,-0.1156,-0.0578,0.3193,0.0974,0.1978,-0.0503,0.4119,0.244,0.1433,0.1077,0.1445,0.4217,0,0,0.1361,0.2922,0.0799,0.1568,0.2494,0.4792,0.0014,0.4867,0.243,0.1371,0.1097,0.2473,-0.0811,0.689,0.2178,0.0824,-0.2691,0.7511,0.0012,0.4618,0.2201,0.1126,0.4033,0.3848,0.0019,0.2428,0.2189,0.6193,0.1561,0.2239,0.2532,0.9235,0.1945,0.0596,0.2607,0.2365,0.0508,0.8906,0.3796,0.15,0.5789,0.1592,0.6045,0.1373,0.7118,0.0644,0.0771,0.0018,0.3898,0.5184,0.1335,0.3118,0.1886,0.3397,-0.0118,0,0.2131,0.5774,0.4441,0.4214,0.4215,0.0964,0.6214,0.4095,0.4526,-0.2306,0.4314,0,-0.1323,0.6117,0.4338,0.5041,0.2042,0.5448,0.6597,0.4419,-0.1704,0.5007,0.3511,0.3792,0.4033,0.2833,0.3577,0.5107,0.4918,0.324
EGF200 N-Acetylcysteine X4,EGF200,N-Acetylcysteine,N-Acetylcysteine X4,0.5821,0,0.7507,0.9994,1.3907,1.236,0.823,0.3376,0.4339,0.6947,0.413,0.4032,0.6921,0.7798,1.0134,0.7534,0.374,0.5392,0.3277,0.5255,-0.084,-0.093,0.7086,0.657,-0.0295,0.4692,0.66,0.9103,0.9094,0.8089,0.1006,1.2127,0.3464,0.2682,0.3807,0.469,-0.0802,-0.3691,0.5026,0.293,0.8294,0.2495,0.5276,1.0862,1.1379,0.8198,0.6672,0.5095,0.5412,0.6056,0.2357,0.0212,0.702,0.3396,0.3559,0.0897,1.4007,0.4086,0.4791,1.1946,0.4453,0.0216,0.5409,-0.0545,0.25,-0.0472,-0.1469,0,-0.1089,0.2569,0.3956,0,1.0581,0.5732,0.3726,-0.0268,0.0077,0.4105,0.3412,-0.1686,-0.0125,0.107,0.1696,0.0178,0.1152,0.029,0.0722,-0.0382,0.3613,0.2903,0.0822,-0.114,-0.0104,0.3649,0,0,-0.0051,0.3608,-0.011,-0.1097,0.2603,0.4923,-0.0556,0.3317,0.0586,0.3589,-0.0236,0.1488,-0.1148,0.6777,0.2397,0.1693,0.4595,0.714,-0.246,0.5443,0.0466,-0.0671,0.2555,0.6091,-0.1101,0.2342,0.1501,0.6139,0.1051,0.2707,0.1692,0.8484,0.1294,-0.3183,0.3732,0.1421,-0.2067,0.946,0.1692,-0.0786,0.7634,-0.0661,0.8739,0.0439,0.8087,-0.1022,0.2452,0.1398,0.3348,0.6855,-0.2569,0.1828,0.2331,0.2976,-0.1948,0,0.2888,0.4092,0.2548,0.1789,0.0869,0.0248,0.4559,-0.0112,0.4477,-0.1995,0.2683,0,-0.171,0.6586,0.3824,0.3757,0.1717,0.4612,0.6227,0.4372,-0.1151,0.3149,0.2948,0.2195,0.1699,0.3429,0.3273,0.4596,0.6472,0.4133
Media  X5,Media,, X5,1,0.1515,0.0598,0.1444,0.2925,0.5717,0,-0.1189,0.1091,0,0.4779,0.0267,0.7281,-0.1252,0.1269,0.2169,-0.0207,0.4577,0.7635,-0.1013,-0.0846,0.1879,0.1907,0.5405,0.1989,0.3919,0.3582,0.6413,0.4788,0.1487,-0.0063,0.4886,0.4683,-0.0846,0.232,-0.0101,0.3505,0,0.2991,0.3523,0.2337,0.0271,-0.1205,0.5029,0.3226,-0.2078,0.5247,0.0463,0.0603,0.0351,0.2277,-0.1719,0.3119,0.3301,-0.0832,0.5038,0.0498,0.5039,0,0.0235,0.2203,-0.1694,0.2589,0.2117,0.1194,0.5261,0.3994,0.1934,0.0776,0.3283,0.1721,0.1847,0.3007,0.3473,0.3508,-0.1434,-0.1326,0.0326,0.4017,0,-0.0693,0.0967,0.3483,-0.1345,-0.0145,0.0498,0.0803,-0.2005,0.445,-0.026,-0.1514,-0.088,-0.1986,0.2622,-0.1785,-0.0227,0.0959,-0.0416,0.0213,0.0629,-0.0097,0.259,-0.1556,0.3499,-0.1722,-0.1291,0.0492,0.5311,0.0152,0.3206,-0.0965,0.229,-0.0624,0.3363,0.0908,0.3777,0.0056,0.0277,0.3775,-0.1082,-0.149,-0.1093,0,0.2819,0.0804,0.4521,0.052,0.0466,-0.0058,0.1194,0.2051,0.274,-0.0123,0.2848,-0.0994,0.1251,0.3095,0.0656,0.2485,0.4253,0.0285,0.0883,0.0394,0.1688,0.0673,-0.1396,0.1343,0.1727,0.3624,0.0683,0.1218,0.2213,-0.0397,0.048,0.0843,0.1224,0.0223,0.1246,0.0598,-0.2635,-0.0472,0.3815,0.0001,0.2482,0.3018,0.2095,0.3935,0.1093,0.1474,-0.0868,0.1002,0.3085,0.3005,0.174,-0.0944,0.4078,-0.0739,0.2654,0.4275,-0.0031,-0.2202,0.308
EGF200  X5,EGF200,, X5,0.2936,0.0181,-0.0669,0.2332,1.8407,2.0036,0,0.0722,1.3235,0,0.4032,-0.0299,0.7968,-0.3661,1.1065,1.126,-0.0207,1.2522,0.8883,0.6796,-0.0846,0.2917,0.9506,1.3539,0.1426,0.4624,1.108,0.9183,1.3097,1.0434,0.8009,1.4044,1.117,0.5184,0.5836,0.4833,0.5015,0,0.9073,0.7903,0.9148,0.0271,0.6794,1.4304,1.3218,-0.0405,0.5787,0.7618,0.7746,0.1255,0.9473,-0.1719,0.4618,0.378,-0.0832,0.4841,0.9787,0.7769,0,0.3232,0.1815,-0.1694,0.985,0.2117,0.7463,0.4894,0.6313,0.0984,0.0776,0.6168,0.981,0.6812,1.1373,0.6695,1.0395,-0.1434,-0.1326,0.8348,0.9933,0,-0.0693,0.5277,0.4869,-0.1345,0.7237,0.1922,0.0803,-0.2005,0.6328,-0.026,-0.1514,-0.088,-0.1986,0.2682,-0.1785,-0.0227,0.0959,0.1328,0.0213,0.0629,0.2485,0.814,-0.1556,0.5338,-0.1722,-0.1291,0.0492,0.7742,0.0152,0.3122,-0.0965,0.2184,-0.0624,0.7764,0.0908,0.7309,0.0056,0.0277,0.852,-0.1752,-0.149,-0.1093,0,0.6671,0.0804,1.0748,0.052,0.4408,-0.0058,0.1194,0.1989,0.2076,-0.0123,0.5561,-0.0994,0.1251,0.7377,0.0656,0.4436,0.4253,0.1158,0.0883,-0.2529,0.1688,0.0913,-0.0247,0.1343,0.1727,0.2685,0.0683,0.1218,0.6867,0.0667,0.4652,0.0843,0.1224,0.0223,0.1246,0.4472,-0.2635,-0.1027,0.5036,0.1674,0.5699,0.3018,0.1974,0.8665,0.1093,0.5486,0.0219,0.2072,0.3008,0.482,0.174,0.0577,0.9804,0.053,0.9549,0.6633,-0.0006,0.1077,0.3194
EGF200 DPI X5,EGF200,DPI,DPI X5,0.2635,0.0377,0.1081,0.2592,1.8566,1.9556,0,0.1247,1.3698,0,0.3321,0.028,0.7835,-0.2246,1.1428,1.1567,0.1057,1.2779,0.886,0.6597,-0.1603,0.1939,1.0347,1.4615,0.1666,0.4737,1.1253,0.9827,1.2925,1.073,0.9686,1.4577,1.1267,0.5693,0.6595,0.5379,0.5582,0,0.9705,0.807,0.9361,0.1732,0.8574,1.3858,1.3652,0.1593,0.5502,0.9202,0.8932,0.3139,0.9987,-0.112,0.5303,0.3907,-0.1368,0.5109,1.0907,0.7533,0,0.3627,0.3429,-0.2812,1.0528,0.3007,0.8563,0.4976,0.757,0.2261,0.1279,0.6528,0.9884,0.807,1.1527,0.6765,1.0358,-0.151,-0.0724,0.8832,1.1371,0,-0.0778,0.5834,0.518,-0.1849,0.8713,0.2293,0.0839,-0.2273,0.7573,-0.0549,-0.1987,-0.0973,-0.1995,0.2766,-0.0374,-0.0973,0.1779,0.2401,0.0966,0.2711,0.3446,0.8597,-0.1543,0.5828,-0.1852,-0.2482,0.1501,0.7145,0.0393,0.2624,-0.179,0.2668,-0.2568,0.8144,0.1901,0.8171,0.0186,-0.0296,0.9259,0.0166,-0.2099,-0.1368,0,0.7078,0.153,1.0049,0.0068,0.4804,0.0359,0.212,0.2218,0.3195,0.0817,0.3978,0.0049,0.2178,0.8192,-0.0853,0.5698,0.5891,0.296,0.1876,-0.2788,0.2938,0.1908,0.0424,0.3018,0.2632,0.3341,0.1541,0.0806,0.7791,0.2551,0.5013,0.1014,0.2413,0.1996,0.245,0.5516,-0.295,0.0604,0.4651,0.3098,0.6307,0.4071,0.312,0.9558,0.2468,0.5975,0.101,0.1978,0.3472,0.6075,0.247,0.0785,1.0731,0.204,0.8466,0.6212,0.1334,0.1853,0.3996
EGF200 Clostridium Toxin B X5,EGF200,Clostridium Toxin B,Clostridium Toxin B X5,0.1526,0.0385,0.1327,0.1335,1.591,1.8588,0,0.0124,1.1783,0,0.3032,-0.125,0.8067,-0.2467,0.8607,0.9721,-0.186,1.1099,0.8051,0.6275,-0.1204,0.1919,0.9043,1.054,0.1793,0.3754,0.9625,0.8323,1.2498,0.7789,0.7121,1.4467,1.1344,0.3976,0.5179,0.3984,0.3478,0,0.8283,0.6359,0.818,0.0641,0.6744,1.2383,1.1699,0.0375,0.4662,0.6748,0.6917,-0.061,0.8026,-0.2102,0.0732,0.2772,-0.1291,0.5089,0.8912,0.6513,0,0.2798,0.3535,-0.2724,1.0242,0.152,0.654,0.4166,0.7173,-0.2104,0.0559,0.6561,0.8737,0.8699,1.0666,0.5418,0.8108,-0.1479,-0.2463,0.7019,1.2026,0,-0.0979,0.6385,0.4417,-0.2491,0.6272,0.1501,0.2514,-0.1953,0.6272,0.0243,-0.1993,-0.088,-0.2025,0.1669,-0.0116,-0.1266,0.1903,0.0219,0.0913,0.1169,0.1741,0.7273,-0.302,0.4162,-0.1264,-0.2067,0.0718,0.552,0.0351,0.217,-0.1171,0.2378,-0.0985,0.6973,0.0869,0.7387,0.0343,-0.0177,0.9111,-0.0652,-0.2825,-0.2399,0,0.4361,0.1053,0.8635,-0.0997,0.4061,0.0618,0.1357,0.1436,0.2064,0.0337,0.1583,-0.0983,0.1979,0.7509,-0.0959,0.3267,0.4177,0.0762,0.0981,-0.1567,0.1987,0.1113,-0.1058,0.2325,0.1301,0.2553,0.0802,0.1752,0.7242,0.1745,0.323,0.0763,0.1787,0.2339,0.1863,0.2389,-0.3218,-0.0804,0.3682,0.0573,0.3922,0.2855,0.334,0.8725,0.1997,0.5224,-0.0109,0.1487,0.268,0.3238,0.1444,-0.0165,1.0423,-0.0047,0.5764,0.5001,-0.0608,0.0235,0.4284
EGF200 PHPS2 X5,EGF200,PHPS2,PHPS2 X5,0.045,0.0698,0.2944,0.3107,1.8446,2.118,0,0.2384,1.5521,0,0.4798,-0.059,0.767,-0.1167,1.0576,1.2927,-0.0724,1.3237,0.6146,0.6736,-0.1847,0.1083,1.0011,1.4638,0.0871,0.3741,1.0427,0.8481,1.0114,0.8372,0.9958,1.2843,1.0434,0.506,0.7559,0.6839,0.4507,0,1.135,0.6834,0.9721,0.1266,0.7662,1.5894,1.3228,0.3129,0.7491,0.9494,1.0525,0.3872,1.2095,-0.0642,0.3448,0.1686,-0.085,0.4449,1.155,0.8993,0,0.4363,0.3535,-0.2425,0.9453,0.2703,1.0008,0.2689,0.6498,0.3138,0.1084,0.5697,0.9103,0.796,1.3423,0.57,1.005,-0.1533,-0.0527,1.0372,1.0597,0,-0.0536,0.5813,0.6012,-0.1827,0.9683,0.0809,0.2764,-0.0578,0.6578,0.086,-0.168,-0.0817,-0.1592,0.4128,0.1134,-0.0162,0.3047,0.1407,0.1248,0.4466,0.3123,1.0685,-0.0795,0.4678,-0.1374,-0.264,0.2669,0.8428,0.0574,0.1434,-0.1156,0.2025,-0.1082,0.9312,0.1675,0.9214,0.1024,0.0345,0.7531,0.0623,-0.2541,-0.076,0,0.5864,0.1773,1.1356,-0.0157,0.67,0.2998,0.2332,0.0714,0.4767,0.1966,0.4238,-0.0534,0.2755,0.9219,0.0471,0.4348,0.4386,0.3513,0.1198,0.1885,0.3585,0.0956,-0.0531,0.3593,0.3013,0.2653,0.2103,0.1261,0.6514,0.2654,0.6482,0.2044,0.2349,0.2592,0.3238,0.342,-0.2333,0.094,0.469,0.1363,0.8282,0.314,0.1839,0.8981,0.3763,0.4264,0.0135,0.3374,0.2548,0.3523,0.2425,0.2057,0.9133,0.1341,1.0863,0.7123,0.0529,0.1196,0.4661
Media  X6,Media,, X6,1,0.0417,0.6315,0.9222,0.2365,0.3655,1.0152,0.6864,0.0441,1.1304,0.5319,0.6652,0.4567,0.4405,0.1986,0.149,0.2221,0.1413,0.5746,0.2914,-0.1324,0.248,0.2333,-0.0571,0.2591,0.474,0.142,0.2449,0.1983,0.2621,0.3795,0.1734,0.4781,-0.0427,0.1593,0.0734,0.2393,-0.0957,0.302,0.1865,0.1388,-0.1958,0.0161,0.4149,0.3958,-0.0036,0.4009,0.3034,0.3293,0.5168,0.4038,-0.0324,0.7342,0.5011,-0.0927,0.3682,0.344,0.1261,1.0483,0.1566,0.4977,-0.0228,0.4761,-0.0558,0.0464,0.4283,-0.0583,0,0.0157,0.0463,0.1185,0.1221,0.3306,0.4464,0.4558,-0.0607,0.0927,0.3458,0.2143,-0.0676,0.0687,-0.0602,0.1513,0.1272,0.2414,0.449,0.0517,0.1073,0.3403,0.1577,0.1761,0.0285,0.3215,-0.0203,0.0771,0,-0.0479,0.5357,0.0744,-0.0117,0.1041,0.2111,-0.0013,0.2361,-0.023,0.0792,0.1134,0.305,0.1621,0.0034,0.1293,0.1051,0.3227,0.3163,0.1143,0.224,0.2519,0.2968,0.262,0.0846,0.2103,0.2263,-0.0203,0.3082,0.1159,0.7712,0.1559,0.5146,0.2689,0.1502,0.2089,0.1055,0.0023,0.7531,0.4649,0.0844,-0.07,0.2117,0.2472,0.3256,-0.3227,0.0275,0.1536,0.2481,0.1997,0.0501,0.0795,0.1503,0.0765,0.0188,0.1284,0.0669,0.1463,0.0974,0.1064,0.081,0.3285,0.5409,0.0977,0.4431,0.1705,0.2025,0.3753,0,0.2648,0.02,-0.1899,0.0435,-0.0081,0.2411,-0.0869,0.3351,0.2435,0.1761,0.4683,0.0905,0.3559,0.2592,0.165,0.4352,0.3899,0.2442
EGF200  X6,EGF200,, X6,0.2936,0.0181,0.8752,1.1264,1.789,1.6864,1.0374,0.786,0.925,1.0951,0.5163,0.7402,0.6111,0.6129,1.2945,1.2177,0.2221,0.931,0.7838,0.8548,-0.1324,0.3355,1.1146,0.9009,0.3763,0.5537,1.0601,0.7603,0.8484,0.8509,1.0141,0.967,1.1094,0.9764,0.685,0.9097,0.4703,-0.0957,1.1094,0.543,0.6901,-0.1958,0.7893,1.3481,1.2957,0.4626,0.5084,0.6711,0.955,0.6994,0.994,-0.0324,1.0512,0.696,-0.0927,0.4272,0.9014,0.398,1.0483,0.9058,0.6091,-0.0228,1.2789,-0.0558,0.9,0.545,0.4248,0,0.0157,0.6537,1.0018,0.7499,0.8628,0.6742,1.0493,-0.0607,0.0927,0.6671,0.9769,-0.1263,0.0687,0.1616,0.4853,0.1272,0.7465,0.5169,0.0517,0.1073,0.6611,0.1577,0.1761,0.0285,0.3215,0.3007,0.0771,0,-0.0479,0.6442,0.0744,-0.0117,0.3816,1.0107,-0.0013,0.4037,-0.023,0.0792,0.1134,0.6155,0.1621,0.4478,0.1293,0.4025,0.3227,0.8236,0.1143,0.4042,0.2519,0.2968,0.8776,0.1067,0.2103,0.2263,0.0511,0.5023,0.1159,1.04,0.1559,0.8238,0.2689,0.1502,0.3605,0.1243,0.0023,0.9059,0.4649,0.0844,0.5188,0.2117,0.7416,0.3256,-0.0739,0.0275,0.4029,0.2481,0.2935,0.018,0.0795,0.1503,0.3387,0.0188,0.1284,0.8801,0.1309,0.5118,0.1064,0.081,0.3285,0.5409,0.469,0.4431,0.3118,0.2838,0.5297,0,0.2648,0.3984,0.5882,0.0435,0.361,0.2293,-0.1435,0.6671,0.4696,0.1761,0.6866,0.5163,0.6299,0.7818,0.2723,0.7312,0.5776,0.4673
EGF200 DPI X6,EGF200,DPI,DPI X6,0.3169,0.0377,0.7794,0.7031,1.7551,1.5385,1.0736,0.8069,0.7859,1.1502,0.4437,0.8666,0.589,0.758,1.227,1.0956,0.4722,0.8575,0.765,0.7986,0.0071,0.2694,1.1002,0.8809,0.4076,0.6211,1.0941,0.6891,0.7129,0.9215,1.027,0.9231,1.0158,0.9301,0.6423,0.8337,0.4212,-0.1062,1.014,0.5749,0.6759,-0.0199,0.8605,1.2197,1.3425,0.4858,0.4521,0.4851,0.7285,0.6335,0.8677,0.0826,1.0465,0.868,-0.1562,0.3948,0.7791,0.337,1.1223,0.8511,0.6753,0.0238,1.2913,0.015,0.7529,0.5499,0.3267,0,0.0611,0.6789,1.0301,0.6245,0.8467,0.6731,1.0925,0.0037,0.1186,0.674,0.7055,0.027,0.1041,0.1061,0.4899,0.0817,0.6408,0.4286,0.0873,0.2669,0.614,0.2279,0.1512,0.1511,0.3329,0.2935,0.0941,0,-0.066,0.6059,0.1364,0.0372,0.3708,0.9569,0.0014,0.3132,0.0271,0.2134,0.2544,0.5479,0.2525,0.4575,0.1653,0.4708,0.4301,0.7742,0.1774,0.2929,0.1713,0.2795,0.7477,0.0804,0.3231,0.3367,0.0451,0.5326,0.1423,0.9808,0.1132,0.752,0.4365,0.1286,0.4359,0.0064,0.1941,1.0988,0.6375,0.1495,0.4008,0.1543,0.6843,0.49,0.1451,0.1463,0.2753,0.3477,0.2172,0.077,0.0853,0.106,0.3276,0.1258,0.2014,0.8894,-0.0376,0.4766,0.0606,0.13,0.3753,0.5729,0.4774,0.5024,0.2754,0.2354,0.5018,0,0.3523,0.3139,0.6747,0.0434,0.2954,0.24,-0.0438,0.6166,0.4323,0.2043,0.6709,0.4368,0.5367,0.7249,0.2696,0.671,0.6337,0.3529
EGF200 PP2 X6,EGF200,PP2,PP2 X6,0.4429,0.0974,0.5069,0.7706,1.5715,1.3655,1.0241,0.614,0.4886,0.9836,0.4747,0.5142,0.4458,0.6425,1.04,0.8788,0.2584,0.7622,0.5885,0.6414,0.0234,0.1368,0.9618,0.4127,0.4244,0.5469,0.911,0.6259,0.5187,0.7736,0.8102,0.659,0.8512,0.7157,0.4949,0.633,0.3489,-0.0113,0.7839,0.386,0.4779,-0.1042,0.5051,1.0561,1.2359,0.2761,0.2652,0.5248,0.7891,0.6684,0.6882,0.111,0.69,0.7373,-0.2776,0.3206,0.6716,0.3641,1.0842,0.6505,0.5132,0.0802,1.0758,0.0056,0.54,0.4868,0.1564,0,-0.0176,0.451,0.7256,0.4097,0.6323,0.5806,0.8758,0.1044,0.0713,0.367,0.3957,-0.1774,0.0121,0.2964,0.4487,0.1728,0.3757,0.1592,0.2251,0.4116,0.5015,0.2556,0.1784,0.1875,0.4087,0.1126,0.0456,0,-0.1371,0.642,0.0625,-0.1024,0.0761,0.7241,0.1016,0.2734,-0.0192,0.2917,0.1988,0.341,0.2039,0.3541,0.1888,0.2957,0.5589,0.3984,0.1985,0.2053,0.4291,0.2672,0.543,0.0237,0.3732,0.3091,-0.0526,0.377,0.1267,0.7825,0.3295,0.5467,0.4282,0.0134,0.2383,-0.0644,0.244,0.5122,0.6332,0.0855,0.3654,0.3999,0.5651,0.3269,-0.1314,0.0828,0.1235,0.2671,0.1859,0.0456,0.2009,0.3065,0.2634,0.1788,0.1311,0.5938,0.1633,0.31,0.1179,0.0261,0.3356,0.418,0.3913,0.3847,0.1494,0.2246,0.5065,0,0.2821,0.1738,0.3703,0.1266,0.0909,0.1874,-0.0939,0.4496,0.3755,0.3355,0.4626,0.264,0.3488,0.3609,0.2754,0.4441,0.4067,0.2753
EGF200 EMBPTP1BI X6,EGF200,EMBPTP1BI,EMBPTP1BI X6,0.3012,0.036,0.4475,0.6457,1.7461,1.4075,0.9805,0.7405,0.887,1.1327,0.3807,0.6506,0.3933,0.5905,1.2135,0.971,0.4498,0.8418,0.7316,0.7524,0.1033,0.0656,1.1061,0.6428,0.3808,0.5779,0.9752,0.6605,0.7549,1.0004,1.0388,0.9416,0.8747,0.9402,0.5181,0.6982,0.3328,0.0559,0.7956,0.4425,0.7621,-0.0738,0.8609,1.1036,1.4023,0.2088,0.2537,0.6398,0.8498,0.8302,0.7659,0.1795,1.0631,0.817,-0.113,0.2131,0.876,0.386,1.1644,0.9099,0.4559,0.1371,1.1981,0.1138,0.5498,0.5061,0.2637,0,-0.0407,0.6048,0.9852,0.5914,0.7144,0.5959,1.0974,0.1349,0.2603,0.3968,0.6932,-0.041,0.0908,0.3377,0.3925,0.2302,0.7928,0.3549,0.2874,0.5032,0.6072,0.3268,0.3789,0.2619,0.4523,0.2294,0.0393,0,0.0078,0.6623,0.0604,-0.1026,0.3635,0.7254,0.2273,0.3124,0.089,0.4002,0.2564,0.4017,0.2382,0.419,0.2763,0.4035,0.6274,0.4762,0.2881,0.2099,0.5402,0.5008,0.8337,-0.1489,0.449,0.3758,-0.2151,0.4549,0.3179,0.7146,0.3784,0.6076,0.5202,0.2236,0.3027,-0.1986,0.3299,0.7082,0.7612,0.1967,0.2554,0.456,0.7367,0.4553,-0.0148,0.1328,0.2443,0.4205,0.1311,0.071,0.2722,0.3818,0.2678,0.3452,0.2234,0.8607,0.1286,0.1982,0.1684,0.0048,0.4853,0.404,0.4764,0.6253,0.089,0.1613,0.5471,0,0.4109,0.2496,0.6661,0.2093,0.1895,0.2362,-0.1088,0.5952,0.3933,0.5386,0.3711,0.3693,0.3066,0.5067,0.2511,0.3632,0.6245,0.3432